Date,Volume,Volume,Volume,Volume
2018-01-02,192732.0,536.0,18235,4550149.0
2018-01-03,253351.0,1658.0,26937,3021865.0
2018-01-04,471475.0,2030.0,52170,3130743.0
2018-01-05,199992.0,1388.0,24970,1379996.0
2018-01-08,259099.0,1883.0,21287,17513184.0
2018-01-09,325970.0,740.0,9536,15761573.0
2018-01-10,263659.0,529.0,3499,7330892.0
2018-01-11,272704.0,1338.0,36247,7287391.0
2018-01-12,144394.0,585.0,45333,3922730.0
2018-01-15,226757.0,580.0,27744,13414246.0
2018-01-16,156239.0,3714.0,38206,12412730.0
2018-01-17,375421.0,3111.0,28314,8387007.0
2018-01-18,155962.0,399.0,28201,6996302.0
2018-01-19,204596.0,3636.0,14263,8196161.0
2018-01-22,188433.0,7473.0,50192,7289140.0
2018-01-23,400711.0,16331.0,36331,5491090.0
2018-01-24,155669.0,18355.0,79891,7611554.0
2018-01-25,315684.0,1922.0,170232,3576893.0
2018-01-26,173038.0,2506.0,44377,5289825.0
2018-01-29,477263.0,1515.0,78751,2801152.0
2018-01-30,310682.0,5558.0,20167,10824634.0
2018-01-31,992167.0,1991.0,36296,7984300.0
2018-02-01,359937.0,1480.0,10717,2898892.0
2018-02-02,408625.0,957.0,30820,2836674.0
2018-02-05,619819.0,1384.0,55028,3794535.0
2018-02-06,907415.0,6376.0,29784,7099951.0
2018-02-07,326252.0,2057.0,4743,6384216.0
2018-02-08,413799.0,1307.0,9204,4508105.0
2018-02-09,522352.0,1022.0,24144,5933819.0
2018-02-12,258712.0,582.0,29845,2367123.0
2018-02-13,263673.0,2213.0,30226,2372610.0
2018-02-14,222642.0,986.0,92093,21507699.0
2018-02-15,232436.0,1364.0,67127,7156927.0
2018-02-16,210291.0,574.0,21820,2931484.0
2018-02-19,195439.0,4803.0,22668,3134633.0
2018-02-20,320401.0,2678.0,13441,2134823.0
2018-02-21,210019.0,1564.0,14134,1784811.0
2018-02-22,309238.0,993.0,22960,3939739.0
2018-02-23,346029.0,231.0,11339,4079006.0
2018-02-26,239615.0,2654.0,23003,1873395.0
2018-02-27,603968.0,6408.0,10767,4074478.0
2018-02-28,545604.0,1322.0,17085,3902772.0
2018-03-01,765735.0,1554.0,24807,7528825.0
2018-03-02,948017.0,1673.0,43375,12097836.0
2018-03-05,412791.0,2260.0,11930,7644761.0
2018-03-06,427742.0,378.0,2012,9618725.0
2018-03-07,381272.0,3088.0,4415,6965593.0
2018-03-08,498113.0,543.0,10243,27188701.0
2018-03-09,806820.0,423.0,5065,5017936.0
2018-03-12,282486.0,502.0,28021,4764071.0
2018-03-13,261562.0,341.0,3183,3251623.0
2018-03-14,106483.0,430.0,3088,4736493.0
2018-03-15,133318.0,336.0,13058,3513362.0
2018-03-16,353967.0,1368.0,61912,5021977.0
2018-03-19,366524.0,688.0,7772,6237197.0
2018-03-20,166705.0,990.0,4856,5014352.0
2018-03-21,104351.0,468.0,5110,8379775.0
2018-03-22,614835.0,373.0,2920,2927130.0
2018-03-23,703217.0,336.0,7856,3026592.0
2018-03-26,252274.0,699.0,2369,1493007.0
2018-03-27,175696.0,8329.0,7559,1663973.0
2018-03-28,177044.0,401.0,6272,3801641.0
2018-03-29,297714.0,462.0,6597,4706904.0
2018-04-03,482267.0,606.0,7037,4300671.0
2018-04-04,197132.0,5039.0,3771,12632428.0
2018-04-05,124496.0,1635.0,3192,3865145.0
2018-04-06,159961.0,652.0,4813,3252648.0
2018-04-09,240561.0,529.0,26444,4491897.0
2018-04-10,187303.0,1003.0,3005,1770045.0
2018-04-11,153323.0,60.0,6131,5173312.0
2018-04-12,129499.0,8082.0,4901,7257782.0
2018-04-13,106389.0,9113.0,6747,1970512.0
2018-04-16,147520.0,2017.0,4886,4650687.0
2018-04-17,115141.0,2925.0,4613,2083913.0
2018-04-18,133794.0,3170.0,13079,4120921.0
2018-04-19,64256.0,3524.0,4002,3448040.0
2018-04-20,65426.0,3536.0,40756,3048307.0
2018-04-23,343620.0,4659.0,16438,4012486.0
2018-04-24,308489.0,3856.0,4713,1615832.0
2018-04-25,112110.0,2710.0,14290,836488.0
2018-04-26,140614.0,1492.0,12821,2202612.0
2018-04-27,320451.0,17728.0,6472,2336704.0
2018-04-30,346471.0,14351.0,137479,6238816.0
2018-05-02,220251.0,5226.0,13744,2210348.0
2018-05-03,173478.0,1113.0,28451,1561216.0
2018-05-04,112715.0,2122.0,20980,3123659.0
2018-05-07,279669.0,26716.0,35487,4515505.0
2018-05-08,106786.0,11324.0,7069,2475852.0
2018-05-09,169204.0,9527.0,12784,3496907.0
2018-05-10,163652.0,3434.0,5675,4021092.0
2018-05-11,164156.0,6604.0,18143,1490234.0
2018-05-14,461369.0,3283.0,15441,2600164.0
2018-05-15,211500.0,2300.0,24216,2210110.0
2018-05-16,92675.0,2489.0,11744,2384474.0
2018-05-17,658450.0,2023.0,15069,3192428.0
2018-05-18,128020.0,11249.0,23856,2664540.0
2018-05-21,0.0,1783.0,73613,2112738.0
2018-05-22,136063.0,1955.0,37151,1255038.0
2018-05-23,52149.0,1548.0,20500,1825270.0
2018-05-24,96348.0,4729.0,22350,1438441.0
2018-05-25,90060.0,12492.0,14884,717837.0
2018-05-28,37658.0,2751.0,8952,1203994.0
2018-05-29,128325.0,383.0,8814,2705662.0
2018-05-30,54111.0,435.0,78844,1530907.0
2018-05-31,147730.0,1828.0,21776,5433102.0
2018-06-01,47733.0,14561.0,28932,1989416.0
2018-06-04,102409.0,2821.0,30279,868983.0
2018-06-05,154243.0,2353.0,10203,927100.0
2018-06-06,46129.0,107438.0,6245,1045767.0
2018-06-07,55368.0,8833.0,6322,757665.0
2018-06-08,74049.0,5069.0,16548,1678292.0
2018-06-11,90431.0,2433.0,8050,1115369.0
2018-06-12,60950.0,2454.0,9759,536147.0
2018-06-13,58444.0,5851.0,4617,2591748.0
2018-06-14,76346.0,3319.0,8387,2692058.0
2018-06-15,130339.0,21022.0,7050,7734224.0
2018-06-18,90197.0,4778.0,9906,1044533.0
2018-06-19,115856.0,11218.0,16643,907238.0
2018-06-20,59370.0,13796.0,3604,760245.0
2018-06-21,104889.0,9070.0,27096,1270146.0
2018-06-22,140425.0,9307.0,10270,955620.0
2018-06-25,64479.0,2115.0,6277,1092290.0
2018-06-26,56094.0,7356.0,10966,1469925.0
2018-06-27,183553.0,2613.0,4968,1759386.0
2018-06-28,192240.0,7101.0,6794,1104474.0
2018-06-29,218206.0,5650.0,18413,942388.0
2018-07-02,107491.0,23467.0,13245,814972.0
2018-07-03,156988.0,11295.0,8457,3196952.0
2018-07-04,61890.0,2069.0,10332,14549777.0
2018-07-05,120225.0,746.0,9764,43166557.0
2018-07-06,151639.0,1748.0,8700,65828820.0
2018-07-09,74674.0,1954.0,13120,42882375.0
2018-07-10,48120.0,906.0,7225,28592449.0
2018-07-11,227593.0,1650.0,5056,45661710.0
2018-07-12,80848.0,1409.0,4607,32590696.0
2018-07-13,127315.0,16533.0,14383,15424905.0
2018-07-16,279366.0,2953.0,8274,12111890.0
2018-07-17,124554.0,1819.0,7848,9712773.0
2018-07-18,124614.0,8160.0,11980,18188476.0
2018-07-19,120089.0,2663.0,43990,13342507.0
2018-07-20,251251.0,2604.0,11632,8411034.0
2018-07-23,278978.0,1589.0,7849,8526114.0
2018-07-24,215497.0,1059.0,20670,4581613.0
2018-07-25,107709.0,1308.0,26761,7641904.0
2018-07-26,71454.0,1784.0,3851,3519224.0
2018-07-27,101455.0,867.0,4321,3224818.0
2018-07-30,151270.0,3671.0,7043,2984266.0
2018-07-31,213962.0,1419.0,8600,3954939.0
2018-08-01,190738.0,435.0,11133,2239148.0
2018-08-02,103158.0,2888.0,8982,3829857.0
2018-08-03,76369.0,7815.0,5441,3441588.0
2018-08-06,116836.0,2273.0,6013,2550966.0
2018-08-07,83933.0,1101.0,8337,1635316.0
2018-08-08,121759.0,378.0,24992,1922164.0
2018-08-09,59567.0,6463.0,41643,3417448.0
2018-08-10,88376.0,3178.0,18670,2302173.0
2018-08-13,62255.0,3441.0,1903,3325375.0
2018-08-14,65293.0,1015.0,22310,4320080.0
2018-08-15,107887.0,6763.0,12096,
2018-08-16,80937.0,4364.0,21807,2045851.0
2018-08-17,65721.0,6809.0,6957,3833465.0
2018-08-20,154498.0,2116.0,30080,3003985.0
2018-08-21,90708.0,3150.0,31594,5263066.0
2018-08-22,79274.0,1302.0,26626,8085346.0
2018-08-23,124815.0,6508.0,31785,21727646.0
2018-08-24,282757.0,3687.0,10545,30557139.0
2018-08-27,428591.0,3502.0,13312,39939702.0
2018-08-28,361669.0,21578.0,44733,60457297.0
2018-08-29,255860.0,34096.0,4663,25913409.0
2018-08-30,199974.0,7294.0,16552,23993783.0
2018-08-31,301385.0,8171.0,19348,27021201.0
2018-09-03,202095.0,6080.0,71972,20534974.0
2018-09-04,195073.0,6623.0,9817,9701125.0
2018-09-05,138671.0,580.0,5603,23124902.0
2018-09-06,168232.0,6999.0,3775,36868613.0
2018-09-07,104698.0,1825.0,7977,28830366.0
2018-09-10,190821.0,3677.0,10643,32794601.0
2018-09-11,267071.0,812.0,5279,72489899.0
2018-09-12,139105.0,2106.0,16391,24269961.0
2018-09-13,234327.0,2390.0,52643,25511679.0
2018-09-14,513427.0,662.0,64015,18730807.0
2018-09-17,633425.0,374.0,49756,33061749.0
2018-09-18,354514.0,4799.0,24292,21934921.0
2018-09-19,441492.0,7950.0,7906,33026101.0
2018-09-20,210760.0,7012.0,83946,197950693.0
2018-09-21,361446.0,3763.0,52925,40775057.0
2018-09-24,520749.0,7062.0,37907,14473451.0
2018-09-25,485059.0,1159.0,11266,13795771.0
2018-09-26,249130.0,1181.0,17025,11459040.0
2018-09-27,351187.0,1304.0,50648,9863512.0
2018-09-28,313557.0,934.0,12978,19317981.0
2018-10-01,425654.0,523.0,26084,7631994.0
2018-10-02,533080.0,267.0,11999,9709955.0
2018-10-03,,1272.0,32510,14071852.0
2018-10-04,483642.0,1419.0,16884,16733744.0
2018-10-05,469640.0,408.0,16063,22031056.0
2018-10-08,373013.0,448.0,13689,25343182.0
2018-10-09,233671.0,1511.0,19984,11519644.0
2018-10-10,536598.0,830.0,72356,9057385.0
2018-10-11,583219.0,2380.0,35128,17809426.0
2018-10-12,404971.0,433.0,30882,13895325.0
2018-10-15,326305.0,1891.0,31370,17823410.0
2018-10-16,785252.0,3268.0,10817,16892609.0
2018-10-17,879031.0,2476.0,6719,37799487.0
2018-10-18,1080274.0,387.0,7900,13016552.0
2018-10-19,875967.0,892.0,35290,15149565.0
2018-10-22,710603.0,585.0,15362,9216139.0
2018-10-23,694604.0,7329.0,52354,9750634.0
2018-10-24,395326.0,8549.0,10206,14695369.0
2018-10-25,542629.0,445.0,34791,9297913.0
2018-10-26,465924.0,3921.0,24260,11355495.0
2018-10-29,665027.0,1374.0,33830,9393543.0
2018-10-30,338224.0,1006.0,20063,7476416.0
2018-10-31,666093.0,4806.0,34079,7263110.0
2018-11-01,441127.0,553.0,15362,3924446.0
2018-11-02,667452.0,4828.0,45645,13404728.0
2018-11-05,671492.0,5707.0,17539,13014486.0
2018-11-06,783700.0,9042.0,6231,26788280.0
2018-11-07,525218.0,5195.0,9455,38532768.0
2018-11-08,628609.0,5085.0,19895,13285167.0
2018-11-09,368286.0,5930.0,9075,10653176.0
2018-11-12,676821.0,4037.0,16912,17666387.0
2018-11-13,396062.0,3839.0,11980,9756321.0
2018-11-14,597718.0,6399.0,18384,6745298.0
2018-11-15,555802.0,2693.0,11048,2873438.0
2018-11-16,463924.0,2618.0,31100,4709022.0
2018-11-19,562049.0,5855.0,16892,2265786.0
2018-11-20,698190.0,5315.0,29187,9925214.0
2018-11-21,362359.0,5506.0,5659,6838695.0
2018-11-22,330880.0,11770.0,8281,6975312.0
2018-11-23,609945.0,4478.0,39144,10639273.0
2018-11-26,625784.0,3590.0,10255,9075925.0
2018-11-27,400331.0,9588.0,12478,8295682.0
2018-11-28,344985.0,12665.0,23183,8027418.0
2018-11-29,503961.0,8095.0,23404,7033215.0
2018-11-30,552488.0,5989.0,9466,6962017.0
2018-12-03,308843.0,3487.0,13239,5216375.0
2018-12-04,255040.0,2384.0,4560,2684354.0
2018-12-05,397116.0,1616.0,9300,23189224.0
2018-12-06,342700.0,1713.0,35442,35406932.0
2018-12-07,312537.0,14064.0,4325,19395410.0
2018-12-10,336209.0,7537.0,14297,11329680.0
2018-12-11,252116.0,8393.0,9709,8396438.0
2018-12-12,334243.0,3163.0,12474,9327646.0
2018-12-13,257095.0,2068.0,31295,6783870.0
2018-12-14,332935.0,6245.0,343856,3984147.0
2018-12-17,251317.0,10857.0,10970,3279687.0
2018-12-18,288649.0,1412.0,11118,2377242.0
2018-12-19,314937.0,1402.0,5149,3519596.0
2018-12-20,255525.0,5108.0,23814,6309278.0
2018-12-21,333583.0,1344.0,15866,22181318.0
2018-12-24,,1941.0,14304,
2018-12-27,419363.0,2249.0,15635,20106132.0
2018-12-28,125568.0,778.0,8852,12390636.0
2018-12-31,,1407.0,7815,
2019-01-02,531429.0,631.0,10758,19356192.0
2019-01-03,472686.0,2068.0,7386,29022842.0
2019-01-04,439487.0,1595.0,2750,14332885.0
2019-01-07,369589.0,3172.0,4775,14309824.0
2019-01-08,430434.0,9028.0,3190,18786696.0
2019-01-09,309507.0,3585.0,65356,12697318.0
2019-01-10,203892.0,18234.0,20889,38764532.0
2019-01-11,283930.0,17839.0,2479,19002177.0
2019-01-14,192970.0,2727.0,8800,21593076.0
2019-01-15,186135.0,4180.0,10909,34182190.0
2019-01-16,158439.0,1490.0,17848,42917182.0
2019-01-17,217353.0,2485.0,7394,24613060.0
2019-01-18,576214.0,1544.0,11288,20122223.0
2019-01-21,292066.0,4065.0,6257,32154035.0
2019-01-22,213904.0,1508.0,7872,43524291.0
2019-01-23,158046.0,13989.0,525,38061221.0
2019-01-24,293776.0,14726.0,4147,36136097.0
2019-01-25,267966.0,14539.0,6136,28342488.0
2019-01-28,196027.0,18245.0,1922,20285942.0
2019-01-29,129594.0,5652.0,3575,44109801.0
2019-01-30,140160.0,4059.0,5074,35641374.0
2019-01-31,307654.0,4577.0,8718,53111008.0
2019-02-01,321355.0,5616.0,1655,37154686.0
2019-02-04,319590.0,205179.0,10131,28516432.0
2019-02-05,302281.0,2366.0,10958,17496529.0
2019-02-06,905554.0,1503.0,37534,27780851.0
2019-02-07,223116.0,3853.0,23380,24004644.0
2019-02-08,234246.0,2026.0,8615,18163831.0
2019-02-11,724545.0,6025.0,6422,17758162.0
2019-02-12,318377.0,3426.0,4669,18255556.0
2019-02-13,215676.0,3044.0,37004,17326438.0
2019-02-14,508486.0,5320.0,77911,20666480.0
2019-02-15,350861.0,1157.0,17756,16091436.0
2019-02-18,391627.0,2183.0,27562,16329437.0
2019-02-19,699283.0,1387.0,24379,10345042.0
2019-02-20,369224.0,433.0,22298,31232674.0
2019-02-21,336021.0,502.0,24407,58252201.0
2019-02-22,314830.0,1010.0,6993,20218799.0
2019-02-25,218089.0,2073.0,24063,36590767.0
2019-02-26,228857.0,1258.0,9589,7365788.0
2019-02-27,294345.0,871.0,12062,14748033.0
2019-02-28,136423.0,4847.0,6176,16277143.0
2019-03-01,211486.0,772.0,62718,10341796.0
2019-03-04,1247179.0,4605.0,10337,9055995.0
2019-03-05,653848.0,931.0,8586,6592026.0
2019-03-06,450446.0,43950.0,11533,8197015.0
2019-03-07,295885.0,7683.0,8283,9028007.0
2019-03-08,284668.0,9553.0,4871,5509074.0
2019-03-11,379228.0,1884.0,11226,12024672.0
2019-03-12,161048.0,5726.0,8317,15403581.0
2019-03-13,315054.0,3474.0,30254,98144369.0
2019-03-14,245975.0,7493.0,40794,56452109.0
2019-03-15,238410.0,8703.0,12135,45865337.0
2019-03-18,348771.0,11710.0,8167,23095847.0
2019-03-19,567706.0,3480.0,4069,9333786.0
2019-03-20,435624.0,2390.0,20986,8362748.0
2019-03-21,196409.0,1279.0,2441,9008999.0
2019-03-22,137894.0,3811.0,13729,8100942.0
2019-03-25,109529.0,7388.0,10981,6520761.0
2019-03-26,101985.0,2586.0,10983,17870367.0
2019-03-27,160175.0,4715.0,5701,5275989.0
2019-03-28,232043.0,4094.0,11142,7592807.0
2019-03-29,213707.0,17052.0,11142,20350926.0
2019-04-01,376598.0,3174.0,20945,15496887.0
2019-04-02,187130.0,590.0,10504,8190853.0
2019-04-03,176469.0,2007.0,21965,12649979.0
2019-04-04,146282.0,819.0,11126,25960799.0
2019-04-05,383025.0,765.0,5762,17528732.0
2019-04-08,314188.0,2076.0,11761,22562561.0
2019-04-09,122961.0,2311.0,10738,15696850.0
2019-04-10,150867.0,8461.0,24586,14834292.0
2019-04-11,243644.0,1408.0,4731,23865596.0
2019-04-12,151323.0,1099.0,7563,32345224.0
2019-04-15,177565.0,5273.0,14564,29811325.0
2019-04-16,532990.0,8720.0,9809,35682724.0
2019-04-17,300972.0,86627.0,11166,88393470.0
2019-04-18,168875.0,28459.0,4159,35496168.0
2019-04-23,238874.0,15346.0,12384,31651410.0
2019-04-24,129411.0,23376.0,13815,33925654.0
2019-04-25,133110.0,9317.0,15563,35276311.0
2019-04-26,144690.0,9129.0,11642,17185336.0
2019-04-29,269727.0,43858.0,40182,9153433.0
2019-04-30,169797.0,32317.0,5266,14056814.0
2019-05-02,197138.0,50015.0,8835,5499981.0
2019-05-03,196799.0,111688.0,2739,7303526.0
2019-05-06,291890.0,139792.0,14483,6637454.0
2019-05-07,210233.0,69170.0,6227,12419473.0
2019-05-08,210690.0,162249.0,5523,9144997.0
2019-05-09,168087.0,208664.0,6186,14866829.0
2019-05-10,301918.0,39663.0,5694,6466982.0
2019-05-13,210016.0,44600.0,39706,5789901.0
2019-05-14,178935.0,90474.0,4494,11845125.0
2019-05-15,300263.0,22342.0,6067,10768601.0
2019-05-16,338413.0,32566.0,12985,13407549.0
2019-05-17,147975.0,25434.0,13491,20579441.0
2019-05-20,290274.0,9811.0,16651,9538176.0
2019-05-21,267522.0,17654.0,3751,8909527.0
2019-05-22,534242.0,34263.0,11860,34621383.0
2019-05-23,253068.0,12641.0,8537,60084361.0
2019-05-24,99065.0,8393.0,38937,24916356.0
2019-05-27,108591.0,8601.0,10926,9854151.0
2019-05-28,276788.0,12510.0,9097,12411360.0
2019-05-29,246808.0,16159.0,8153,4546233.0
2019-05-30,104784.0,6327.0,84865,6458859.0
2019-05-31,161830.0,11296.0,22565,22707091.0
2019-06-03,144592.0,9566.0,52981,18924284.0
2019-06-04,191151.0,15699.0,24952,20457567.0
2019-06-05,171671.0,9027.0,22707,28036390.0
2019-06-06,138596.0,2726.0,21656,18716705.0
2019-06-07,494585.0,9807.0,23670,39696412.0
2019-06-10,,4510.0,7123,17372010.0
2019-06-11,307434.0,7810.0,12542,15919690.0
2019-06-12,371702.0,15551.0,7827,25597548.0
2019-06-13,235877.0,10024.0,112809,8544313.0
2019-06-14,219086.0,7871.0,36278,26513664.0
2019-06-17,332713.0,4196.0,14313,24764950.0
2019-06-18,325351.0,6366.0,36803,16417075.0
2019-06-19,440269.0,1298.0,21039,10182321.0
2019-06-20,254739.0,4592.0,110848,8023834.0
2019-06-21,564269.0,3537.0,44351,10669704.0
2019-06-24,165672.0,13271.0,30448,9544596.0
2019-06-25,259914.0,4854.0,40826,8756603.0
2019-06-26,207773.0,4994.0,29432,8484956.0
2019-06-27,235874.0,10449.0,12240,10481204.0
2019-06-28,335646.0,12281.0,19009,12324892.0
2019-07-01,307997.0,10482.0,37342,9838380.0
2019-07-02,199239.0,13168.0,9683,8798454.0
2019-07-03,266200.0,4969.0,49638,9288301.0
2019-07-04,133759.0,6141.0,26286,9413843.0
2019-07-05,133646.0,3207.0,33432,4757291.0
2019-07-08,193326.0,3010.0,33461,20828766.0
2019-07-09,176852.0,11952.0,11959,11651361.0
2019-07-10,129248.0,3590.0,29286,11014428.0
2019-07-11,249100.0,10544.0,13449,7575173.0
2019-07-12,293218.0,17282.0,22229,16971079.0
2019-07-15,195410.0,14852.0,15026,24558645.0
2019-07-16,256231.0,3701.0,20474,11292778.0
2019-07-17,303644.0,10353.0,20275,15172313.0
2019-07-18,151322.0,7485.0,4969,9176437.0
2019-07-19,190542.0,12081.0,3004,8466321.0
2019-07-22,134550.0,6826.0,19031,5265307.0
2019-07-23,189435.0,3637.0,17915,11392536.0
2019-07-24,104224.0,5380.0,14411,19227833.0
2019-07-25,131649.0,2518.0,11705,16058776.0
2019-07-26,156513.0,3073.0,5093,7377423.0
2019-07-29,168252.0,5954.0,18051,11150249.0
2019-07-30,154908.0,2867.0,29228,6040741.0
2019-07-31,103041.0,771.0,9236,9728791.0
2019-08-01,214899.0,1975.0,4938,9698967.0
2019-08-02,172552.0,8192.0,27113,7998494.0
2019-08-05,269047.0,4032.0,13075,8831393.0
2019-08-06,364847.0,7583.0,30563,7643269.0
2019-08-07,244254.0,2440.0,26657,6420276.0
2019-08-08,244014.0,3103.0,14709,19978565.0
2019-08-09,176699.0,373.0,8643,14944046.0
2019-08-12,154511.0,10152.0,11184,7656631.0
2019-08-13,251857.0,6796.0,9683,19474333.0
2019-08-14,253739.0,6211.0,4173,10247376.0
2019-08-15,486002.0,2190.0,10082,
2019-08-16,292752.0,2130.0,22436,4374591.0
2019-08-19,261012.0,4015.0,34557,6030408.0
2019-08-20,215402.0,7945.0,21562,23094574.0
2019-08-21,173616.0,4813.0,17625,20465475.0
2019-08-22,131697.0,732.0,7754,21428840.0
2019-08-23,335234.0,5886.0,2710,46532583.0
2019-08-26,180760.0,4390.0,9663,26761945.0
2019-08-27,238874.0,5725.0,18436,15979400.0
2019-08-28,161940.0,20765.0,18235,30145888.0
2019-08-29,234782.0,34825.0,18676,13097219.0
2019-08-30,338493.0,11594.0,6102,7282339.0
2019-09-02,962916.0,3750.0,3744,8864284.0
2019-09-03,270050.0,3303.0,13176,9860566.0
2019-09-04,434163.0,8778.0,7068,10115043.0
2019-09-05,378659.0,988.0,27497,8371308.0
2019-09-06,247737.0,1385.0,8364,9415900.0
2019-09-09,137141.0,4078.0,7797,16547971.0
2019-09-10,265794.0,22834.0,18747,14379954.0
2019-09-11,212160.0,6091.0,26144,6635454.0
2019-09-12,309612.0,13534.0,8882,9691071.0
2019-09-13,286260.0,3078.0,11642,8340990.0
2019-09-16,500479.0,4985.0,17541,9318496.0
2019-09-17,428814.0,14795.0,23606,7347124.0
2019-09-18,372911.0,29041.0,23269,8332278.0
2019-09-19,262013.0,2773.0,9699,7612204.0
2019-09-20,210188.0,4014.0,7890,5666573.0
2019-09-23,388331.0,9253.0,46784,27008087.0
2019-09-24,117421.0,10005.0,22313,8589350.0
2019-09-25,264472.0,2345.0,4987,13241487.0
2019-09-26,122755.0,2874.0,47233,6378699.0
2019-09-27,190362.0,3426.0,11950,5117357.0
2019-09-30,506486.0,15606.0,70986,5656771.0
2019-10-01,274046.0,3422.0,6646,8956599.0
2019-10-02,334760.0,10884.0,32833,6074502.0
2019-10-03,,10474.0,10612,2931050.0
2019-10-04,646774.0,4579.0,20639,4531650.0
2019-10-07,271122.0,3519.0,63867,6345214.0
2019-10-08,181659.0,1670.0,20724,3173002.0
2019-10-09,152591.0,955.0,26950,2615328.0
2019-10-10,192237.0,1755.0,43859,4879701.0
2019-10-11,212212.0,7570.0,54614,14861897.0
2019-10-14,126922.0,7287.0,63641,17349907.0
2019-10-15,176659.0,4175.0,22591,11903742.0
2019-10-16,258479.0,703.0,22329,4597453.0
2019-10-17,275702.0,1286.0,31649,4846913.0
2019-10-18,214527.0,1133.0,22131,5646416.0
2019-10-21,270326.0,12748.0,16865,6199289.0
2019-10-22,189109.0,2638.0,8546,4319849.0
2019-10-23,924745.0,3898.0,12659,4980203.0
2019-10-24,333472.0,9489.0,12051,6049804.0
2019-10-25,249051.0,2064.0,16369,2988309.0
2019-10-28,402165.0,1892.0,30247,3704639.0
2019-10-29,202044.0,7647.0,6729,3508743.0
2019-10-30,202994.0,10699.0,9008,3141141.0
2019-10-31,370961.0,1899.0,2305,3675849.0
2019-11-01,160080.0,5784.0,11072,2271429.0
2019-11-04,285651.0,6840.0,8831,3313258.0
2019-11-05,230433.0,6630.0,8134,3005145.0
2019-11-06,373686.0,13472.0,10763,2371516.0
2019-11-07,197386.0,16413.0,5257,5421382.0
2019-11-08,180281.0,30063.0,7678,3487039.0
2019-11-11,411018.0,13057.0,4768,2755553.0
2019-11-12,220996.0,12896.0,8754,3679287.0
2019-11-13,166741.0,27059.0,17719,2391781.0
2019-11-14,317123.0,7975.0,9701,3658170.0
2019-11-15,196727.0,2523.0,17356,3941016.0
2019-11-18,219036.0,33224.0,24273,7461028.0
2019-11-19,139135.0,2625.0,17040,8127407.0
2019-11-20,204198.0,4303.0,17366,8041149.0
2019-11-21,217537.0,4887.0,22021,4616848.0
2019-11-22,189204.0,10274.0,15696,4876016.0
2019-11-25,201157.0,96389.0,26147,2692133.0
2019-11-26,372890.0,60191.0,12371,9649354.0
2019-11-27,393047.0,16941.0,28920,19537986.0
2019-11-28,384711.0,24273.0,7460,9567237.0
2019-11-29,224030.0,2793.0,32697,9478181.0
2019-12-02,323664.0,4830.0,23434,12578263.0
2019-12-03,212158.0,12813.0,72512,4547976.0
2019-12-04,306528.0,2700.0,10702,7814716.0
2019-12-05,216156.0,5325.0,8865,8164787.0
2019-12-06,258971.0,14869.0,10273,6090668.0
2019-12-09,453114.0,24990.0,50435,5260355.0
2019-12-10,704336.0,25139.0,25316,7656968.0
2019-12-11,861041.0,85749.0,28617,9000962.0
2019-12-12,291525.0,28572.0,10353,22706709.0
2019-12-13,287142.0,17210.0,6678,14641378.0
2019-12-16,197757.0,8477.0,91990,10482623.0
2019-12-17,225972.0,10037.0,27622,5179505.0
2019-12-18,205979.0,2399.0,27547,6594956.0
2019-12-19,96870.0,5318.0,27854,4624822.0
2019-12-20,160446.0,1833.0,35880,10708619.0
2019-12-23,369819.0,12159.0,8457,10790937.0
2019-12-24,,1019.0,10818,
2019-12-25,,,0,
2019-12-27,174059.0,2961.0,21282,7864327.0
2019-12-30,233273.0,6890.0,16984,5770282.0
2019-12-31,,1565.0,3446,
2020-01-02,154824.0,2972.0,12877,5828631.0
2020-01-03,168545.0,1541.0,5504,4328139.0
2020-01-06,219104.0,2910.0,5296,5451054.0
2020-01-07,116007.0,9263.0,5186,6128944.0
2020-01-08,136057.0,6211.0,11217,5118240.0
2020-01-09,169128.0,19184.0,6883,3876550.0
2020-01-10,200625.0,6158.0,4770,4740734.0
2020-01-13,320489.0,10013.0,16344,6545050.0
2020-01-14,278101.0,5738.0,9380,3464760.0
2020-01-15,241208.0,3164.0,7013,5790538.0
2020-01-16,159195.0,3023.0,13671,7724730.0
2020-01-17,187807.0,8980.0,4917,4418157.0
2020-01-20,593609.0,5410.0,9154,4813295.0
2020-01-21,169008.0,5317.0,9578,6416784.0
2020-01-22,216838.0,3078.0,9012,5073304.0
2020-01-23,220932.0,1036.0,4669,13703197.0
2020-01-24,306561.0,884.0,17759,4282775.0
2020-01-27,394501.0,6366.0,10435,20117112.0
2020-01-28,517533.0,2545.0,11685,6361415.0
2020-01-29,345479.0,2704.0,17887,6000777.0
2020-01-30,320705.0,9660.0,23040,5632387.0
2020-01-31,182089.0,1004.0,7236,7425826.0
2020-02-03,353969.0,2742.0,8060,3937248.0
2020-02-04,305814.0,4006.0,17005,4313497.0
2020-02-05,530716.0,5316.0,36073,5009116.0
2020-02-06,256255.0,1724.0,19553,4874569.0
2020-02-07,176880.0,2598.0,14309,4028446.0
2020-02-10,438083.0,1161.0,11880,3754396.0
2020-02-11,449250.0,3001.0,14871,4844459.0
2020-02-12,511146.0,2989.0,75879,11874202.0
2020-02-13,284199.0,9835.0,12059,16248993.0
2020-02-14,262207.0,2979.0,46548,9238549.0
2020-02-17,239122.0,1753.0,31533,6704778.0
2020-02-18,191419.0,863.0,12262,4797919.0
2020-02-19,315091.0,6477.0,10770,9059531.0
2020-02-20,251573.0,2376.0,10290,6560734.0
2020-02-21,620869.0,8595.0,17547,11333031.0
2020-02-24,710383.0,7800.0,32919,32178143.0
2020-02-25,377323.0,7842.0,20388,28638048.0
2020-02-26,548562.0,12011.0,12974,21687249.0
2020-02-27,612797.0,4897.0,11248,19632119.0
2020-02-28,1288849.0,13646.0,31852,23807423.0
2020-03-02,801512.0,15902.0,17846,16828185.0
2020-03-03,681064.0,5970.0,8591,10482530.0
2020-03-04,464555.0,1872.0,14342,14481707.0
2020-03-05,518667.0,3087.0,10563,25741859.0
2020-03-06,573342.0,2547.0,33208,16257928.0
2020-03-09,990180.0,40294.0,50868,20850244.0
2020-03-10,996973.0,8739.0,40947,19154437.0
2020-03-11,758965.0,5374.0,16807,24736067.0
2020-03-12,1075984.0,14766.0,31940,29585926.0
2020-03-13,949871.0,9365.0,58222,23419401.0
2020-03-16,954335.0,19213.0,39307,20979681.0
2020-03-17,483939.0,9520.0,18513,19527984.0
2020-03-18,477718.0,4498.0,17507,11671648.0
2020-03-19,430675.0,16119.0,28518,14288050.0
2020-03-20,489990.0,17025.0,24941,22988964.0
2020-03-23,271635.0,8318.0,6630,9163789.0
2020-03-24,543057.0,9509.0,17357,8581650.0
2020-03-25,594863.0,4869.0,42215,9721120.0
2020-03-26,366911.0,6396.0,21441,4929178.0
2020-03-27,430704.0,6906.0,32753,4654551.0
2020-03-30,401755.0,3690.0,13960,8065324.0
2020-03-31,729940.0,1991.0,29913,4339360.0
2020-04-01,524042.0,3779.0,19748,6079378.0
2020-04-02,332888.0,7221.0,15585,3097099.0
2020-04-03,346579.0,4335.0,45634,1665387.0
2020-04-06,325835.0,4895.0,18303,2720484.0
2020-04-07,732099.0,7538.0,22757,5924342.0
2020-04-08,367867.0,7481.0,41991,1617036.0
2020-04-09,401000.0,11172.0,26447,3697294.0
2020-04-14,182119.0,3894.0,29978,3421890.0
2020-04-15,160296.0,4708.0,36726,2681798.0
2020-04-16,172437.0,2611.0,30964,3254267.0
2020-04-17,245692.0,1889.0,33460,5136346.0
2020-04-20,205245.0,3126.0,21134,15858331.0
2020-04-21,278187.0,2792.0,22665,9797412.0
2020-04-22,224895.0,2727.0,15911,7433651.0
2020-04-23,331273.0,3394.0,10247,9678660.0
2020-04-24,169060.0,2709.0,11536,6358044.0
2020-04-27,148629.0,1444.0,23034,6326336.0
2020-04-28,169855.0,1298.0,27948,6461077.0
2020-04-29,191099.0,4375.0,21702,6343063.0
2020-04-30,243558.0,3951.0,11353,3252876.0
2020-05-04,166159.0,5264.0,39821,4835238.0
2020-05-05,240455.0,1725.0,14808,2931054.0
2020-05-06,562333.0,2065.0,16728,2577702.0
2020-05-07,257306.0,2705.0,20364,1187085.0
2020-05-08,158073.0,3796.0,15628,2127239.0
2020-05-11,159377.0,4967.0,35570,3070809.0
2020-05-12,172673.0,2664.0,20673,5378339.0
2020-05-13,204622.0,3210.0,21141,1046604.0
2020-05-14,290657.0,2351.0,11298,2763243.0
2020-05-15,384306.0,1722.0,10688,1260309.0
2020-05-18,315911.0,1269.0,25461,2410354.0
2020-05-19,382501.0,3509.0,16563,15866890.0
2020-05-20,165636.0,2643.0,12483,8480846.0
2020-05-21,168804.0,1912.0,8664,5802678.0
2020-05-22,163769.0,1894.0,12183,7205032.0
2020-05-25,150086.0,6067.0,16278,11309777.0
2020-05-26,267487.0,1017.0,25575,8911810.0
2020-05-27,229436.0,1467.0,44428,7493994.0
2020-05-28,280050.0,508.0,32440,9103489.0
2020-05-29,350219.0,2200.0,35265,17442076.0
2020-06-01,,1003.0,14541,7871199.0
2020-06-02,367652.0,2293.0,15245,5322251.0
2020-06-03,316253.0,3589.0,27245,12515916.0
2020-06-04,353791.0,3715.0,32547,9594492.0
2020-06-05,482240.0,5907.0,29583,7735985.0
2020-06-08,365722.0,5213.0,27014,13179207.0
2020-06-09,328871.0,2896.0,21388,8224386.0
2020-06-10,405450.0,2382.0,12775,6660210.0
2020-06-11,450703.0,7435.0,23271,8492823.0
2020-06-12,252970.0,2270.0,26513,7301581.0
2020-06-15,445188.0,1188.0,15124,4170398.0
2020-06-16,192891.0,2420.0,8705,5396819.0
2020-06-17,229845.0,1209.0,8949,5964799.0
2020-06-18,384241.0,807.0,7680,11926807.0
2020-06-19,246517.0,8129.0,8155,3646448.0
2020-06-22,206288.0,1285.0,5465,2648298.0
2020-06-23,174031.0,3908.0,17685,3971636.0
2020-06-24,139608.0,924.0,10106,2435689.0
2020-06-25,144312.0,723.0,6439,13387637.0
2020-06-26,118096.0,915.0,4708,8974873.0
2020-06-29,210815.0,3137.0,4017,10697831.0
2020-06-30,426943.0,1131.0,6777,6969848.0
2020-07-01,275093.0,1873.0,9634,5715393.0
2020-07-02,119849.0,773.0,7642,3242613.0
2020-07-03,170559.0,596.0,8130,2769317.0
2020-07-06,153428.0,947.0,2885,6980669.0
2020-07-07,137623.0,121.0,5203,3628335.0
2020-07-08,133245.0,1560.0,13708,3505211.0
2020-07-09,172195.0,1254.0,22140,2730872.0
2020-07-10,127323.0,355.0,4580,2428525.0
2020-07-13,296963.0,1733.0,15500,3425620.0
2020-07-14,191885.0,745.0,9677,2743641.0
2020-07-15,117967.0,5940.0,14464,2946438.0
2020-07-16,69398.0,842.0,15635,1923240.0
2020-07-17,277016.0,6000.0,7686,1992831.0
2020-07-20,510397.0,320.0,8548,9330556.0
2020-07-21,277612.0,1631.0,21623,11938697.0
2020-07-22,213320.0,906.0,13914,2720584.0
2020-07-23,303291.0,2585.0,13520,5580567.0
2020-07-24,113238.0,1152.0,10596,6520205.0
2020-07-27,274045.0,4173.0,13345,9320073.0
2020-07-28,143296.0,747.0,17999,4917635.0
2020-07-29,154210.0,626.0,27475,6991465.0
2020-07-30,349982.0,2151.0,24623,5093336.0
2020-07-31,142001.0,2638.0,33076,5896229.0
2020-08-03,179527.0,2760.0,21729,5352071.0
2020-08-04,156758.0,933.0,12983,3988373.0
2020-08-05,180850.0,1393.0,26745,4554374.0
2020-08-06,429575.0,289.0,12396,5087571.0
2020-08-07,151383.0,556.0,47424,10192872.0
2020-08-10,127802.0,1261.0,112161,22785212.0
2020-08-11,296166.0,2884.0,27389,8656751.0
2020-08-12,144161.0,332.0,25681,4884841.0
2020-08-13,137003.0,2361.0,21029,3947579.0
2020-08-14,90536.0,1622.0,34090,4463733.0
2020-08-17,200447.0,1011.0,70134,4429497.0
2020-08-18,145618.0,1292.0,26262,2729088.0
2020-08-19,289536.0,7414.0,54462,2182576.0
2020-08-20,222661.0,12256.0,26995,1899221.0
2020-08-21,126023.0,702.0,19396,2836042.0
2020-08-24,71338.0,1432.0,8644,3265690.0
2020-08-25,113897.0,1878.0,13643,2668521.0
2020-08-26,139304.0,4618.0,4420,1795201.0
2020-08-27,149046.0,587.0,7719,2985384.0
2020-08-28,120940.0,378.0,11458,2453215.0
2020-08-31,158251.0,3397.0,11942,3577971.0
2020-09-01,350477.0,4621.0,75630,3139391.0
2020-09-02,267847.0,1538.0,168333,3126316.0
2020-09-03,176061.0,1472.0,46050,2695350.0
2020-09-04,185913.0,4111.0,21146,3924799.0
2020-09-07,74853.0,699.0,26710,3615178.0
2020-09-08,71570.0,409.0,7668,2705549.0
2020-09-09,102925.0,256.0,7331,3826653.0
2020-09-10,88497.0,965.0,16362,2893166.0
2020-09-11,203171.0,161.0,15961,2050099.0
2020-09-14,157201.0,1020.0,7886,4842996.0
2020-09-15,211990.0,1598.0,11794,1904695.0
2020-09-16,733651.0,2289.0,17380,3428601.0
2020-09-17,416364.0,103.0,19109,1974406.0
2020-09-18,380959.0,861.0,36102,3503038.0
2020-09-21,709465.0,1785.0,35180,3228723.0
2020-09-22,292176.0,520.0,6475,2669882.0
2020-09-23,241077.0,747.0,7252,3988943.0
2020-09-24,376160.0,5212.0,21583,7641356.0
2020-09-25,677392.0,1791.0,31998,3586174.0
2020-09-28,530979.0,6501.0,62273,4249672.0
2020-09-29,717154.0,893.0,11935,1567234.0
2020-09-30,523206.0,1717.0,7816,2410580.0
2020-10-01,826089.0,220.0,8495,1312777.0
2020-10-02,605282.0,2143.0,12024,2570554.0
2020-10-05,683730.0,559.0,9859,3017456.0
2020-10-06,401211.0,5190.0,15014,1667860.0
2020-10-07,499037.0,7762.0,13540,3420004.0
2020-10-08,383480.0,587.0,26617,2243991.0
2020-10-09,257966.0,3162.0,86974,2279073.0
2020-10-12,451432.0,1215.0,40686,5279974.0
2020-10-13,674074.0,1354.0,29391,6825714.0
2020-10-14,732437.0,1172.0,26767,8311460.0
2020-10-15,1039558.0,491.0,7650,4072414.0
2020-10-16,923503.0,2595.0,27192,3065690.0
2020-10-19,646639.0,236.0,26625,2192905.0
2020-10-20,561151.0,964.0,6942,3676669.0
2020-10-21,686390.0,885.0,11867,9251443.0
2020-10-22,359868.0,805.0,3590,4209832.0
2020-10-23,314193.0,402.0,5076,3143774.0
2020-10-26,310664.0,377.0,14023,3265559.0
2020-10-27,352183.0,455.0,8702,2718671.0
2020-10-28,506739.0,1050.0,15288,4732073.0
2020-10-29,380811.0,2345.0,3351,4915141.0
2020-10-30,375564.0,2213.0,2711,2162567.0
2020-11-02,237029.0,6548.0,6413,1908482.0
2020-11-03,165185.0,620.0,13229,3160415.0
2020-11-04,247103.0,1684.0,7587,2595843.0
2020-11-05,286546.0,3663.0,5932,3422932.0
2020-11-06,252890.0,272.0,18436,1974060.0
2020-11-09,806495.0,9513.0,60033,6732418.0
2020-11-10,412193.0,1310.0,28451,5189271.0
2020-11-11,307549.0,1070.0,16571,3623327.0
2020-11-12,175783.0,1741.0,8643,2476043.0
2020-11-13,229869.0,547.0,5765,1802437.0
2020-11-16,536295.0,3007.0,58166,5845742.0
2020-11-17,382636.0,203.0,37038,3453859.0
2020-11-18,224650.0,300.0,29822,2917187.0
2020-11-19,181467.0,739.0,26170,2651789.0
2020-11-20,193203.0,427.0,26434,3119144.0
2020-11-23,709755.0,2577.0,13672,4095894.0
2020-11-24,613848.0,2753.0,15371,4502725.0
2020-11-25,328642.0,2287.0,14780,3890415.0
2020-11-26,157026.0,1162.0,29702,1894779.0
2020-11-27,176644.0,737.0,16497,1811241.0
2020-11-30,441781.0,1602.0,7910,5183318.0
2020-12-01,301399.0,2906.0,12790,3476612.0
2020-12-02,238596.0,1568.0,3721,3483674.0
2020-12-03,234589.0,2322.0,5141,3644509.0
2020-12-04,165037.0,12422.0,19520,4617886.0
2020-12-07,213074.0,2714.0,27714,2233292.0
2020-12-08,302173.0,6633.0,32236,1105186.0
2020-12-09,275693.0,7440.0,5611,6112751.0
2020-12-10,163109.0,12396.0,3001,1660082.0
2020-12-11,330089.0,3847.0,8234,1976165.0
2020-12-14,332112.0,2585.0,35768,3722083.0
2020-12-15,309359.0,2107.0,4589,1894030.0
2020-12-16,264166.0,3206.0,11080,1807128.0
2020-12-17,334684.0,3373.0,9002,1937484.0
2020-12-18,303282.0,1399.0,1882,1216623.0
2020-12-21,438151.0,3319.0,20343,4879009.0
2020-12-22,349813.0,5519.0,20440,2871479.0
2020-12-23,149613.0,5575.0,22866,3386197.0
2020-12-24,,470.0,25832,
2020-12-28,136712.0,2357.0,17551,3550239.0
2020-12-29,312222.0,906.0,13677,1126627.0
2020-12-30,157360.0,5818.0,8983,1784282.0
2020-12-31,,363.0,11597,
2021-01-04,211294.0,1809.0,11747,2254347.0
2021-01-05,154580.0,3779.0,11684,4650765.0
2021-01-06,149156.0,1046.0,9162,4241055.0
2021-01-07,191308.0,3226.0,13332,2762634.0
2021-01-08,467023.0,4466.0,25802,3812242.0
2021-01-11,337835.0,4379.0,49896,3507581.0
2021-01-12,526513.0,2786.0,9114,2513263.0
2021-01-13,293316.0,2758.0,66159,2216426.0
2021-01-14,259282.0,7266.0,18262,2305560.0
2021-01-15,320786.0,5375.0,20326,3049078.0
2021-01-18,386122.0,1623.0,8607,5034034.0
2021-01-19,233878.0,1176.0,13185,1988828.0
2021-01-20,727180.0,1494.0,37424,5064818.0
2021-01-21,250157.0,2547.0,38274,3477672.0
2021-01-22,408859.0,1397.0,37360,2330548.0
2021-01-25,375959.0,771.0,28537,1874921.0
2021-01-26,235371.0,3343.0,11081,3800339.0
2021-01-27,224593.0,624.0,18826,1931075.0
2021-01-28,358879.0,10010.0,4199,1830255.0
2021-01-29,218884.0,2940.0,18936,973018.0
2021-02-01,212767.0,1344.0,57667,4326500.0
2021-02-02,300383.0,5198.0,49505,1590380.0
2021-02-03,190561.0,2650.0,20440,2872281.0
2021-02-04,234160.0,2842.0,14701,2442061.0
2021-02-05,124455.0,8836.0,45814,3766832.0
2021-02-08,543060.0,4504.0,34025,5442987.0
2021-02-09,245748.0,1712.0,28307,2470400.0
2021-02-10,368716.0,3313.0,33102,10534841.0
2021-02-11,190414.0,1223.0,38750,2943341.0
2021-02-12,420356.0,1487.0,23075,3477938.0
2021-02-15,446492.0,4351.0,45412,2723874.0
2021-02-16,299726.0,4944.0,5046,3792710.0
2021-02-17,266229.0,2561.0,18745,3066148.0
2021-02-18,518092.0,3279.0,33102,2727379.0
2021-02-19,131244.0,6698.0,42652,1506446.0
2021-02-22,381511.0,4737.0,32904,1327956.0
2021-02-23,245201.0,3062.0,17546,1585997.0
2021-02-24,325283.0,2183.0,26719,1164277.0
2021-02-25,221788.0,5939.0,19914,1691674.0
2021-02-26,302008.0,4100.0,10929,1764128.0
2021-03-01,453366.0,1515.0,15305,5032181.0
2021-03-02,423463.0,3594.0,14257,1044190.0
2021-03-03,497389.0,3035.0,20053,1265308.0
2021-03-04,305089.0,4902.0,27928,726018.0
2021-03-05,292241.0,4007.0,18836,1920057.0
2021-03-08,310153.0,2495.0,26378,5146156.0
2021-03-09,639179.0,5506.0,33975,5900516.0
2021-03-10,459083.0,4025.0,27443,21804707.0
2021-03-11,308728.0,5845.0,16072,14357703.0
2021-03-12,154981.0,6643.0,28889,8400126.0
2021-03-15,150371.0,14048.0,67905,7421643.0
2021-03-16,175063.0,1815.0,28251,4801905.0
2021-03-17,139269.0,4146.0,18747,2624187.0
2021-03-18,138539.0,7030.0,33041,1857459.0
2021-03-19,342166.0,15775.0,35712,1911029.0
2021-03-22,504492.0,4945.0,33903,4293207.0
2021-03-23,309358.0,2323.0,16879,4870800.0
2021-03-24,272859.0,8410.0,9083,4600421.0
2021-03-25,327623.0,4895.0,5760,1918528.0
2021-03-26,232037.0,5550.0,22562,1636220.0
2021-03-29,181836.0,6677.0,14054,1731353.0
2021-03-30,155616.0,5792.0,12361,1893810.0
2021-03-31,241854.0,2367.0,15313,1748319.0
2021-04-01,178278.0,4091.0,3213,1799035.0
2021-04-06,780487.0,14055.0,16557,4206725.0
2021-04-07,330369.0,3662.0,14327,4509085.0
2021-04-08,224869.0,1988.0,14776,6676381.0
2021-04-09,146048.0,1757.0,3915,4771500.0
2021-04-12,232736.0,4047.0,15442,3194665.0
2021-04-13,353926.0,803.0,5837,1010359.0
2021-04-14,191489.0,5264.0,7369,1113551.0
2021-04-15,540212.0,5074.0,2287,1312748.0
2021-04-16,197899.0,4405.0,4283,5587632.0
2021-04-19,1979475.0,59215.0,25524,61638443.0
2021-04-20,735554.0,2776.0,4421,38826752.0
2021-04-21,544586.0,1250.0,7683,43348136.0
2021-04-22,183924.0,758.0,5572,14522258.0
2021-04-23,130745.0,3630.0,2591,7409424.0
2021-04-26,322440.0,2035.0,28109,4896365.0
2021-04-27,126681.0,8622.0,14609,6336981.0
2021-04-28,154750.0,308.0,8257,3750705.0
2021-04-29,107442.0,328.0,20129,3433000.0
2021-04-30,91615.0,2542.0,7297,3228021.0
2021-05-03,103675.0,2128.0,8276,5841281.0
2021-05-04,239053.0,2008.0,33020,6853982.0
2021-05-05,85446.0,939.0,13257,3159790.0
2021-05-06,158532.0,1241.0,10397,6188041.0
2021-05-07,159017.0,1153.0,5441,5556401.0
2021-05-10,455095.0,3547.0,54639,14959898.0
2021-05-11,232050.0,1065.0,20775,5572029.0
2021-05-12,217620.0,3572.0,7008,4522972.0
2021-05-13,205329.0,1080.0,533470,2044738.0
2021-05-14,962534.0,625.0,14825,7046438.0
2021-05-17,735687.0,3300.0,17573,5780162.0
2021-05-18,190683.0,296.0,7232,2869864.0
2021-05-19,543463.0,651.0,4608,3542207.0
2021-05-20,212271.0,1375.0,13374,4323606.0
2021-05-21,91583.0,705.0,9955,2932456.0
2021-05-24,,344.0,81779,12694004.0
2021-05-25,512950.0,4624.0,7146,4269846.0
2021-05-26,109186.0,1429.0,15246,2404598.0
2021-05-27,349008.0,740.0,16013,6664309.0
2021-05-28,878233.0,401.0,13123,4760228.0
2021-05-31,324984.0,1394.0,6656,4113199.0
2021-06-01,484052.0,799.0,3889,2820113.0
2021-06-02,240959.0,1373.0,11595,3054635.0
2021-06-03,125161.0,1835.0,4720,2776974.0
2021-06-04,238841.0,849.0,5230,1277880.0
2021-06-07,304949.0,892.0,4943,2034270.0
2021-06-08,455014.0,515.0,2624,4354943.0
2021-06-09,619137.0,1077.0,4427,3830503.0
2021-06-10,322843.0,364.0,6912,17423131.0
2021-06-11,296295.0,1171.0,3585,7387279.0
2021-06-14,217681.0,6074.0,10202,4953128.0
2021-06-15,318484.0,1120.0,7268,1463732.0
2021-06-16,237203.0,2120.0,15053,1928112.0
2021-06-17,286360.0,204.0,13951,3411201.0
2021-06-18,255836.0,942.0,4618,2087743.0
2021-06-21,101345.0,1609.0,2815,4172259.0
2021-06-22,164034.0,10016.0,3998,1598405.0
2021-06-23,136784.0,1652.0,2719,1666748.0
2021-06-24,80435.0,634.0,9944,2276764.0
2021-06-25,115184.0,1530.0,6021,1502209.0
2021-06-28,204195.0,809.0,5871,1237937.0
2021-06-29,176127.0,1362.0,7261,1560616.0
2021-06-30,188599.0,565.0,7693,2033048.0
2021-07-01,336218.0,1192.0,11085,3730951.0
2021-07-02,271911.0,1126.0,9213,1223278.0
2021-07-05,99416.0,366.0,2571,2086095.0
2021-07-06,202507.0,657.0,5574,2282008.0
2021-07-07,346034.0,1588.0,4964,1695094.0
2021-07-08,389267.0,336.0,5136,1929359.0
2021-07-09,219485.0,703.0,76,1252832.0
2021-07-12,119232.0,2080.0,881,848564.0
2021-07-13,67175.0,786.0,2083,1481999.0
2021-07-14,94586.0,861.0,2723,1238078.0
2021-07-15,212133.0,607.0,17106,1746890.0
2021-07-16,99310.0,386.0,6405,881032.0
2021-07-19,306162.0,1766.0,26203,2891334.0
2021-07-20,172884.0,378.0,6747,571999.0
2021-07-21,142817.0,181.0,11134,3149010.0
2021-07-22,188565.0,493.0,4724,1773425.0
2021-07-23,74350.0,329.0,17987,817075.0
2021-07-26,113947.0,1482.0,8886,1309655.0
2021-07-27,85162.0,999.0,5671,2718008.0
2021-07-28,57001.0,175.0,3493,1723219.0
2021-07-29,101316.0,1030.0,3917,1205179.0
2021-07-30,108989.0,1079.0,1775,1392435.0
2021-08-02,111773.0,2096.0,2415,2611005.0
2021-08-03,134971.0,362.0,12265,1021414.0
2021-08-04,88387.0,418.0,6223,1090728.0
2021-08-05,264701.0,76.0,3000,1340726.0
2021-08-06,128935.0,267.0,5583,1420759.0
2021-08-09,359183.0,5271.0,16427,1340543.0
2021-08-10,184922.0,1414.0,5089,1100041.0
2021-08-11,105449.0,978.0,12942,1813984.0
2021-08-12,334310.0,876.0,12186,1420632.0
2021-08-13,262553.0,3288.0,11349,1600063.0
2021-08-16,642425.0,910.0,10041,3662617.0
2021-08-17,296631.0,6426.0,9131,2254029.0
2021-08-18,252083.0,5244.0,2557,1922960.0
2021-08-19,294698.0,856.0,2527,2508875.0
2021-08-20,1129166.0,2852.0,3040,3304699.0
2021-08-23,856742.0,3579.0,1932,1739381.0
2021-08-24,309159.0,7273.0,6111,988123.0
2021-08-25,440798.0,226.0,8556,3323226.0
2021-08-26,449864.0,364.0,1334,2249131.0
2021-08-27,543992.0,3364.0,11276,18052502.0
2021-08-30,322147.0,2553.0,2033,3779012.0
2021-08-31,284103.0,2025.0,28702,2739014.0
2021-09-01,233513.0,2174.0,5226,2745031.0
2021-09-02,170399.0,5879.0,14223,1294501.0
2021-09-03,258373.0,2565.0,2999,1542231.0
2021-09-06,139146.0,1482.0,1395,616711.0
2021-09-07,294714.0,819.0,10914,1396427.0
2021-09-08,300421.0,1122.0,1850,1819222.0
2021-09-09,195895.0,807.0,1720,1000074.0
2021-09-10,120162.0,134.0,1126,3339727.0
2021-09-13,270409.0,2742.0,6616,3939867.0
2021-09-14,207360.0,1145.0,1280,1287300.0
2021-09-15,171535.0,4097.0,2879,1863846.0
2021-09-16,2701343.0,24402.0,8052,956070.0
2021-09-17,809028.0,3760.0,2500,1011402.0
2021-09-20,698284.0,6421.0,16202,1688306.0
2021-09-21,487151.0,2239.0,12235,3215457.0
2021-09-22,448247.0,6419.0,13424,3001265.0
2021-09-23,494476.0,1197.0,10633,1158077.0
2021-09-24,641799.0,5398.0,2165,1590312.0
2021-09-27,530803.0,16565.0,23566,3046470.0
2021-09-28,1070729.0,23764.0,6692,1752960.0
2021-09-29,947338.0,6011.0,1747,1113306.0
2021-09-30,2582075.0,2556.0,7213,1148326.0
2021-10-01,860583.0,7497.0,23755,1160152.0
2021-10-04,395744.0,6980.0,11801,1617250.0
2021-10-05,396829.0,336.0,3171,807750.0
2021-10-06,490071.0,7894.0,34609,2223259.0
2021-10-07,1202051.0,682.0,3876,1048628.0
2021-10-08,436158.0,1894.0,14687,1065994.0
2021-10-11,647088.0,2108.0,4489,1443215.0
2021-10-12,334275.0,1721.0,7947,949584.0
2021-10-13,345553.0,1381.0,5113,495190.0
2021-10-14,485467.0,1723.0,2783,2102028.0
2021-10-15,431509.0,3396.0,7102,1490121.0
2021-10-18,633515.0,1390.0,4748,667754.0
2021-10-19,543753.0,2461.0,4825,2127565.0
2021-10-20,869650.0,58444.0,2763,827998.0
2021-10-21,296007.0,6072.0,8346,1183256.0
2021-10-22,569566.0,2792.0,2685,1066456.0
2021-10-25,933886.0,5349.0,4365,1393547.0
2021-10-26,362574.0,3067.0,4333,1367415.0
2021-10-27,240581.0,5444.0,553,1457598.0
2021-10-28,153238.0,3090.0,7724,1908646.0
2021-10-29,141305.0,4965.0,888,1735739.0
2021-11-01,625619.0,4883.0,3667,2407935.0
2021-11-02,294259.0,4301.0,2847,2508404.0
2021-11-03,244619.0,11297.0,17189,1699369.0
2021-11-04,431936.0,36775.0,3726,2001523.0
2021-11-05,548158.0,21130.0,47341,2296354.0
2021-11-08,435274.0,2723.0,3791,1842470.0
2021-11-09,352348.0,5256.0,10554,1069124.0
2021-11-10,285582.0,2459.0,10654,1204643.0
2021-11-11,347152.0,1564.0,6864,1172427.0
2021-11-12,789473.0,3458.0,12068,1722658.0
2021-11-15,214191.0,2177.0,6425,2027630.0
2021-11-16,338422.0,1664.0,5132,2334337.0
2021-11-17,439042.0,1875.0,7935,1936951.0
2021-11-18,280087.0,1119.0,9372,1321392.0
2021-11-19,600835.0,2066.0,10793,1661459.0
2021-11-22,272192.0,6753.0,15796,2104155.0
2021-11-23,1364006.0,3013.0,7349,20521617.0
2021-11-24,345081.0,4362.0,6608,11572067.0
2021-11-25,389303.0,5741.0,1873,6013925.0
2021-11-26,564894.0,8931.0,5801,8583663.0
2021-11-29,440430.0,2381.0,7333,27482573.0
2021-11-30,496402.0,1002.0,2525,11381426.0
2021-12-01,368023.0,2018.0,4316,7013953.0
2021-12-02,473194.0,2012.0,4816,7323629.0
2021-12-03,380732.0,999.0,3926,8339248.0
2021-12-06,216896.0,1504.0,1444,15732712.0
2021-12-07,0.0,3700.0,14454,14081607.0
2021-12-08,418581.0,4955.0,12394,8756783.0
2021-12-09,218356.0,4935.0,7009,26988121.0
2021-12-10,277361.0,2062.0,4440,48936767.0
2021-12-13,262998.0,1637.0,2917,26989084.0
2021-12-14,412832.0,1765.0,12537,40446758.0
2021-12-15,168188.0,4158.0,10246,18047373.0
2021-12-16,219674.0,1780.0,18046,13989449.0
2021-12-17,278291.0,2518.0,8364,39405564.0
2021-12-20,336810.0,6382.0,12410,81659108.0
2021-12-21,249180.0,331.0,8989,76238429.0
2021-12-22,167653.0,1302.0,6345,64529127.0
2021-12-23,383544.0,640.0,4360,29628115.0
2021-12-24,,661.0,3043,
2021-12-27,266373.0,2903.0,1212,15671635.0
2021-12-28,136966.0,2203.0,13976,13450128.0
2021-12-29,260719.0,581.0,2192,6824255.0
2021-12-30,173183.0,1727.0,3126,7655593.0
2021-12-31,,998.0,756,
2022-01-03,184470.0,2926.0,4876,12625016.0
2022-01-04,130995.0,1456.0,4211,50647752.0
2022-01-05,106917.0,855.0,6016,27371371.0
2022-01-06,245274.0,1560.0,4908,18115778.0
2022-01-07,223944.0,2759.0,4300,20701282.0
2022-01-10,354169.0,4902.0,8088,14149559.0
2022-01-11,173182.0,1683.0,5427,13590141.0
2022-01-12,491788.0,783.0,943,8758148.0
2022-01-13,212559.0,1381.0,8355,5719167.0
2022-01-14,391017.0,3055.0,7955,13879808.0
2022-01-17,321358.0,2089.0,1541,9934594.0
2022-01-18,333134.0,1107.0,1791,11257570.0
2022-01-19,259926.0,2067.0,4679,15036800.0
2022-01-20,162655.0,366.0,3931,15852385.0
2022-01-21,167800.0,1048.0,5997,6971926.0
2022-01-24,1878217.0,2917.0,2337,12040858.0
2022-01-25,626379.0,1193.0,4432,16560543.0
2022-01-26,345383.0,1203.0,4390,26583258.0
2022-01-27,328180.0,558.0,11541,18709032.0
2022-01-28,199089.0,936.0,5517,21681803.0
2022-01-31,227627.0,1911.0,12594,49817872.0
2022-02-01,293105.0,513.0,3759,28406916.0
2022-02-02,358317.0,2471.0,2760,12443389.0
2022-02-03,160142.0,3766.0,10617,11830833.0
2022-02-04,183883.0,1879.0,6688,12091006.0
2022-02-07,176342.0,17912.0,5071,22884398.0
2022-02-08,254546.0,5728.0,2229,20094294.0
2022-02-09,320532.0,3373.0,6565,24257516.0
2022-02-10,217343.0,1902.0,4673,32854553.0
2022-02-11,164329.0,1967.0,3355,23055541.0
2022-02-14,205390.0,1609.0,4810,29709963.0
2022-02-15,250186.0,1933.0,3372,12995328.0
2022-02-16,168909.0,782.0,5580,7457869.0
2022-02-17,234874.0,1079.0,19875,12416254.0
2022-02-18,261072.0,1609.0,7981,8025084.0
2022-02-21,245989.0,2115.0,2719,12869316.0
2022-02-22,538741.0,3138.0,2724,11434456.0
2022-02-23,310248.0,2483.0,1003,14131988.0
2022-02-24,852184.0,5758.0,20805,22377837.0
2022-02-25,483494.0,7415.0,10838,20622005.0
2022-02-28,421802.0,5437.0,2031,10291761.0
2022-03-01,865836.0,2057.0,5699,9976573.0
2022-03-02,599044.0,1284.0,5390,6062320.0
2022-03-03,599529.0,1224.0,4343,9340844.0
2022-03-04,1620843.0,3377.0,14804,21369561.0
2022-03-07,996980.0,2880.0,13410,23139585.0
2022-03-08,470768.0,3556.0,5012,23882093.0
2022-03-09,417449.0,2039.0,11852,13736814.0
2022-03-10,264110.0,909.0,61401,22884433.0
2022-03-11,420255.0,506.0,6216,6858147.0
2022-03-14,257781.0,2629.0,12717,35777975.0
2022-03-15,230880.0,1684.0,2714,27757537.0
2022-03-16,339731.0,15504.0,5206,26092398.0
2022-03-17,287604.0,5185.0,3531,35826620.0
2022-03-18,186324.0,2929.0,14020,26661338.0
2022-03-21,143185.0,2183.0,16069,15373239.0
2022-03-22,198350.0,2316.0,2164,5932660.0
2022-03-23,205579.0,2973.0,15324,4706242.0
2022-03-24,129088.0,940.0,6458,13133170.0
2022-03-25,106603.0,3115.0,5690,5972092.0
2022-03-28,126653.0,323.0,752,8364302.0
2022-03-29,466118.0,1695.0,4156,13182172.0
2022-03-30,290764.0,3922.0,1084,6985175.0
2022-03-31,167948.0,455.0,9609,4415821.0
2022-04-01,159794.0,3334.0,2892,6772523.0
2022-04-04,216599.0,484.0,1322,6998410.0
2022-04-05,186245.0,1169.0,8856,11432421.0
2022-04-06,449748.0,3530.0,2502,8774799.0
2022-04-07,263597.0,1511.0,12184,9276862.0
2022-04-08,134565.0,484.0,2200,3864077.0
2022-04-11,157951.0,1804.0,3892,5774975.0
2022-04-12,112816.0,1885.0,2868,5374195.0
2022-04-13,185270.0,1324.0,3264,3312426.0
2022-04-14,194330.0,471.0,1222,2615076.0
2022-04-19,241312.0,644.0,9347,4737728.0
2022-04-20,186047.0,609.0,1507,7137782.0
2022-04-21,0.0,1115.0,97788,12888960.0
2022-04-22,0.0,1505.0,103942,4932583.0
2022-04-25,105390.0,1092.0,58536,3757614.0
2022-04-26,123410.0,889.0,80585,6046290.0
2022-04-27,0.0,613.0,40855,5324700.0
2022-04-28,111215.0,1868.0,63009,3303289.0
2022-04-29,98287.0,4111.0,56397,7571826.0
2022-05-02,60330.0,691.0,20007,4541241.0
2022-05-03,87913.0,1626.0,7766,6347194.0
2022-05-04,134677.0,752.0,4546,2366947.0
2022-05-05,222132.0,1116.0,1601,5848092.0
2022-05-06,0.0,1628.0,4734,4264438.0
2022-05-09,288919.0,535.0,15300,3593770.0
2022-05-10,457371.0,317.0,5147,4205556.0
2022-05-11,466974.0,1628.0,8047,3168906.0
2022-05-12,255951.0,775.0,1512,4806822.0
2022-05-13,0.0,373.0,1438,6621691.0
2022-05-16,164227.0,486.0,17098,7949838.0
2022-05-17,277105.0,1006.0,8655,8307143.0
2022-05-18,593131.0,1696.0,9824,2230208.0
2022-05-19,0.0,1017.0,4072,4929446.0
2022-05-20,313838.0,2745.0,1287,6874144.0
2022-05-23,191367.0,207.0,12219,9757779.0
2022-05-24,169192.0,836.0,718,5975597.0
2022-05-25,0.0,581.0,4018,6028703.0
2022-05-26,192078.0,187.0,3344,14235257.0
2022-05-27,0.0,435.0,7692,7029533.0
2022-05-30,0.0,2675.0,13274,11539848.0
2022-05-31,222654.0,1940.0,4619,7874336.0
2022-06-01,173836.0,1253.0,54661,8210317.0
2022-06-02,0.0,1375.0,43915,11292096.0
2022-06-03,0.0,1168.0,11940,16735126.0
2022-06-06,120686.0,222.0,5565,8588285.0
2022-06-07,260300.0,771.0,10373,5313028.0
2022-06-08,225289.0,277.0,198689,3274267.0
2022-06-09,160572.0,987.0,209561,7024382.0
2022-06-10,249352.0,678.0,72444,9097824.0
2022-06-13,469140.0,1398.0,35354,8354858.0
2022-06-14,367106.0,238.0,28145,5148037.0
2022-06-15,263304.0,373.0,11497,4633215.0
2022-06-16,265393.0,593.0,202730,5036478.0
2022-06-17,292469.0,346.0,57573,5180650.0
2022-06-20,215725.0,5679.0,0,4764568.0
2022-06-21,288942.0,1603.0,0,4937610.0
2022-06-22,211379.0,872.0,130233,4907744.0
2022-06-23,292669.0,783.0,39903,5078512.0
2022-06-24,174001.0,434.0,26873,4138536.0
2022-06-27,194627.0,4403.0,35678,4253961.0
2022-06-28,169642.0,570.0,46614,3282151.0
2022-06-29,235794.0,1430.0,37321,4277325.0
2022-06-30,361297.0,451.0,86231,4452231.0
2022-07-01,120991.0,143.0,20492,2499520.0
2022-07-04,94554.0,599.0,10713,2498862.0
2022-07-05,138997.0,578.0,40208,2322527.0
2022-07-06,173851.0,60.0,16700,3169668.0
2022-07-07,147651.0,1407.0,18161,4916978.0
2022-07-08,331112.0,425.0,14746,12000026.0
2022-07-11,166397.0,368.0,33301,6699212.0
2022-07-12,0.0,132.0,1363921,18893681.0
2022-07-13,186586.0,1311.0,38307,5256979.0
2022-07-14,184379.0,1568.0,16698,6978529.0
2022-07-15,177489.0,591.0,10445,2809036.0
2022-07-18,139075.0,541.0,41468,3756219.0
2022-07-19,304811.0,697.0,6742,3436521.0
2022-07-20,167182.0,248.0,9628,4898350.0
2022-07-21,102595.0,436.0,3707,7592526.0
2022-07-22,93268.0,557.0,13720,6088577.0
2022-07-25,75879.0,248.0,10750,2237579.0
2022-07-26,92258.0,3238.0,15601,2593721.0
2022-07-27,126261.0,138.0,9412,3463760.0
2022-07-28,150778.0,1318.0,33064,1566140.0
2022-07-29,175139.0,1130.0,12759,2333918.0
2022-08-01,126052.0,957.0,12603,4658674.0
2022-08-02,110984.0,157.0,5874,2477932.0
2022-08-03,162676.0,265.0,13668,3733438.0
2022-08-04,143614.0,255.0,12922,5784455.0
2022-08-05,93959.0,802.0,14679,5556311.0
2022-08-08,167475.0,358.0,14681,2735006.0
2022-08-09,94701.0,331.0,13598,1465229.0
2022-08-10,114796.0,332.0,11977,7535557.0
2022-08-11,132070.0,187.0,8465,8083208.0
2022-08-12,189598.0,682.0,1205,6175540.0
2022-08-15,191484.0,1263.0,12965,
2022-08-16,164949.0,2525.0,12090,14943931.0
2022-08-17,413391.0,488.0,9430,9663717.0
2022-08-18,153169.0,1157.0,7037,2118138.0
2022-08-19,191642.0,8466.0,3089,2478718.0
2022-08-22,1410075.0,12246.0,4200,3354402.0
2022-08-23,601699.0,5505.0,12612,14134942.0
2022-08-24,273072.0,2750.0,3404,10641700.0
2022-08-25,178397.0,10608.0,4742,2081257.0
2022-08-26,166632.0,3232.0,118820,3367450.0
2022-08-29,0.0,8091.0,16394,3802844.0
2022-08-30,120919.0,11942.0,10836,3024965.0
2022-08-31,153115.0,2968.0,3180,2171949.0
2022-09-01,162233.0,4113.0,2375,3398460.0
2022-09-02,120402.0,1226.0,1156,2683449.0
2022-09-05,114470.0,897.0,17430,3719684.0
2022-09-06,145843.0,2992.0,1237,2711543.0
2022-09-07,167543.0,2698.0,2939,2852627.0
2022-09-08,146275.0,5904.0,34018,9635915.0
2022-09-09,236279.0,3956.0,3755,1940110.0
2022-09-12,314213.0,2655.0,11835,3897579.0
2022-09-13,139820.0,2601.0,1497,2681683.0
2022-09-14,198677.0,2406.0,227373,2355866.0
2022-09-15,101201.0,581.0,31315,10132211.0
2022-09-16,144735.0,497.0,57708,2977341.0
2022-09-19,97048.0,822.0,2910,3523262.0
2022-09-20,123168.0,582.0,57067,5401693.0
2022-09-21,53834.0,1712.0,78940,5602224.0
2022-09-22,159313.0,233.0,22969,2480799.0
2022-09-23,1848696.0,760.0,20665,3358188.0
2022-09-26,552500.0,1394.0,14485,5098646.0
2022-09-27,388449.0,2254.0,2049,5959045.0
2022-09-28,303642.0,281.0,15670,4286033.0
2022-09-29,198930.0,1192.0,63994,4731022.0
2022-09-30,235621.0,4874.0,50573,5735107.0
2022-10-03,137953.0,5199.0,19081,5260924.0
2022-10-04,193578.0,1909.0,23401,7177526.0
2022-10-05,195488.0,5863.0,9206,5249461.0
2022-10-06,112881.0,577.0,5580,4295224.0
2022-10-07,119569.0,986.0,6714,2389673.0
2022-10-10,180393.0,467.0,16498,12160359.0
2022-10-11,192159.0,575.0,1720,4805882.0
2022-10-12,177151.0,110.0,1250,9317698.0
2022-10-13,175314.0,596.0,3601,6639165.0
2022-10-14,113929.0,1504.0,5868,3922854.0
2022-10-17,230326.0,277.0,10652,4995460.0
2022-10-18,164418.0,188.0,13768,4075660.0
2022-10-19,94722.0,244.0,0,4407060.0
2022-10-20,107803.0,956.0,0,2963702.0
2022-10-21,145157.0,224.0,0,2162755.0
2022-10-24,111178.0,688.0,0,5508585.0
2022-10-25,111212.0,476.0,34663,14056289.0
2022-10-26,199834.0,636.0,9565,7499020.0
2022-10-27,71754.0,1299.0,22126,6022607.0
2022-10-28,204267.0,118.0,11670,6674374.0
2022-10-31,152337.0,2469.0,2134,3965083.0
2022-11-01,82341.0,859.0,9346,6134506.0
2022-11-02,58351.0,2155.0,4383,9341107.0
2022-11-03,110934.0,122.0,5517,7638720.0
2022-11-04,121157.0,1510.0,35447,5754231.0
2022-11-07,277361.0,256.0,9441,14423078.0
2022-11-08,86980.0,145.0,4276,8264126.0
2022-11-09,77514.0,71.0,5273,7322545.0
2022-11-10,108978.0,1177.0,26172,12103634.0
2022-11-11,161465.0,2079.0,12783,7056536.0
2022-11-14,244151.0,1295.0,2856,7932583.0
2022-11-15,132770.0,1209.0,11713,3619971.0
2022-11-16,141023.0,335.0,6838,11189447.0
2022-11-17,79413.0,496.0,0,3175561.0
2022-11-18,73413.0,836.0,0,1728857.0
2022-11-21,57916.0,1401.0,0,2397627.0
2022-11-22,83993.0,237.0,0,2023882.0
2022-11-23,99264.0,10.0,0,7212420.0
2022-11-24,132121.0,1278.0,0,3033848.0
2022-11-25,86492.0,1443.0,0,1827097.0
2022-11-28,67109.0,897.0,0,2494375.0
2022-11-29,94302.0,639.0,0,39041473.0
2022-11-30,186741.0,278.0,0,14225852.0
2022-12-01,118759.0,990.0,0,11747354.0
2022-12-02,87691.0,1032.0,0,6258422.0
2022-12-05,161180.0,110.0,0,5773650.0
2022-12-06,74387.0,166.0,118515,9836591.0
2022-12-07,54537.0,1126.0,186823,23543171.0
2022-12-08,66086.0,19.0,378651,6428366.0
2022-12-09,82949.0,341.0,175375,7943856.0
2022-12-12,123201.0,362.0,295393,6737972.0
2022-12-13,113584.0,339.0,109250,7209139.0
2022-12-14,55417.0,395.0,70367,13908800.0
2022-12-15,89150.0,666.0,33856,28390983.0
2022-12-16,121505.0,120.0,54929,18371193.0
2022-12-19,87743.0,886.0,39265348,8360266.0
2022-12-20,133394.0,366.0,132346,8492792.0
2022-12-21,205538.0,481.0,44189,7073183.0
2022-12-22,135995.0,862.0,30685,15947293.0
2022-12-23,115243.0,211.0,74528,13738168.0
2022-12-27,117471.0,881.0,53799,25453170.0
2022-12-28,76786.0,2884.0,6159,8447837.0
2022-12-29,252676.0,956.0,24117,15461952.0
2022-12-30,85472.0,142.0,9878,6846472.0
2023-01-02,125778.0,803.0,26822,8726852.0
2023-01-03,147688.0,245.0,16830,26785676.0
2023-01-04,195065.0,733.0,21948,23619222.0
2023-01-05,115821.0,163.0,27967,12143929.0
2023-01-06,214499.0,628.0,369328,7499527.0
2023-01-09,307651.0,754.0,49206,11098369.0
2023-01-10,106777.0,602.0,26429,20877936.0
2023-01-11,147923.0,362.0,163261,9280925.0
2023-01-12,110282.0,6344.0,7786,10675244.0
2023-01-13,83664.0,652.0,34527,17122778.0
2023-01-16,134962.0,1272.0,28966,12094371.0
2023-01-17,66933.0,1754.0,15630,10491245.0
2023-01-18,58399.0,960.0,21709,8100739.0
2023-01-19,116116.0,352.0,35627,6406107.0
2023-01-20,87285.0,714.0,49277,5370679.0
2023-01-23,73632.0,1069.0,15875,34400021.0
2023-01-24,128424.0,881.0,8703,11746720.0
2023-01-25,42495.0,1552.0,3315,12375187.0
2023-01-26,49370.0,582.0,5360,6891208.0
2023-01-27,0.0,4734.0,3170,8359131.0
2023-01-30,172585.0,2656.0,6686,7283245.0
2023-01-31,62859.0,303.0,74839,10516821.0
2023-02-01,58461.0,132.0,4321,8568324.0
2023-02-02,124755.0,2465.0,6715,6264664.0
2023-02-03,72211.0,1393.0,6463,3847870.0
2023-02-06,83123.0,3006.0,19485,3468960.0
2023-02-07,72558.0,1557.0,3866,7494900.0
2023-02-08,104299.0,2336.0,25794,18203260.0
2023-02-09,162842.0,3055.0,3869,15278850.0
2023-02-10,116593.0,297.0,10497,8998104.0
2023-02-13,129314.0,184.0,19840,4471253.0
2023-02-14,49424.0,647.0,205426,5968399.0
2023-02-15,150851.0,494.0,3395,4245747.0
2023-02-16,192063.0,1163.0,3603,4890397.0
2023-02-17,83847.0,1413.0,2297,3195552.0
2023-02-20,285470.0,2606.0,3579,8527164.0
2023-02-21,114525.0,1397.0,705,4551484.0
2023-02-22,101471.0,1414.0,32549,7003990.0
2023-02-23,62757.0,534.0,34493,12397805.0
2023-02-24,60878.0,1272.0,76681,5040903.0
2023-02-27,191148.0,790.0,8757,6899178.0
2023-02-28,193236.0,990.0,6467,4824311.0
2023-03-01,81163.0,137.0,228631,3674185.0
2023-03-02,98185.0,204.0,410184,4779232.0
2023-03-03,186668.0,159.0,4199,9556385.0
2023-03-06,174486.0,3099.0,4987,7023672.0
2023-03-07,210340.0,2336.0,14771,6702624.0
2023-03-08,771658.0,340.0,16480,19184971.0
2023-03-09,473009.0,81.0,19145,9299301.0
2023-03-10,158043.0,224.0,31775,5672400.0
2023-03-13,301105.0,440.0,64507,9015449.0
2023-03-14,155100.0,694.0,15038,6104426.0
2023-03-15,157990.0,266.0,415566,5239226.0
2023-03-16,91360.0,1382.0,1150,7551246.0
2023-03-17,318104.0,40.0,3067,13553316.0
